index,season,metric,value
0,2003-04,G,79.0
1,2004-05,G,80.0
2,2005-06,G,79.0
3,2006-07,G,78.0
4,2007-08,G,75.0
5,2008-09,G,81.0
6,2009-10,G,76.0
7,2010-11,G,79.0
8,2011-12,G,62.0
9,2012-13,G,76.0
10,2013-14,G,77.0
11,2014-15,G,69.0
12,2015-16,G,76.0
13,2016-17,G,74.0
14,2017-18,G,82.0
15,2018-19,G,55.0
16,2019-20,G,67.0
17,2020-21,G,45.0
18,2021-22,G,21.0
0,2003-04,G-accum,79.0
1,2004-05,G-accum,159.0
2,2005-06,G-accum,238.0
3,2006-07,G-accum,316.0
4,2007-08,G-accum,391.0
5,2008-09,G-accum,472.0
6,2009-10,G-accum,548.0
7,2010-11,G-accum,627.0
8,2011-12,G-accum,689.0
9,2012-13,G-accum,765.0
10,2013-14,G-accum,842.0
11,2014-15,G-accum,911.0
12,2015-16,G-accum,987.0
13,2016-17,G-accum,1061.0
14,2017-18,G-accum,1143.0
15,2018-19,G-accum,1198.0
16,2019-20,G-accum,1265.0
17,2020-21,G-accum,1310.0
18,2021-22,G-accum,1331.0
0,2003-04,G-total,1331.0
1,2004-05,G-total,1331.0
2,2005-06,G-total,1331.0
3,2006-07,G-total,1331.0
4,2007-08,G-total,1331.0
5,2008-09,G-total,1331.0
6,2009-10,G-total,1331.0
7,2010-11,G-total,1331.0
8,2011-12,G-total,1331.0
9,2012-13,G-total,1331.0
10,2013-14,G-total,1331.0
11,2014-15,G-total,1331.0
12,2015-16,G-total,1331.0
13,2016-17,G-total,1331.0
14,2017-18,G-total,1331.0
15,2018-19,G-total,1331.0
16,2019-20,G-total,1331.0
17,2020-21,G-total,1331.0
18,2021-22,G-total,1331.0
0,2003-04,G-pct,0.059353869271224644
1,2004-05,G-pct,0.06010518407212622
2,2005-06,G-pct,0.059353869271224644
3,2006-07,G-pct,0.058602554470323066
4,2007-08,G-pct,0.056348610067618335
5,2008-09,G-pct,0.0608564988730278
6,2009-10,G-pct,0.05709992486851991
7,2010-11,G-pct,0.059353869271224644
8,2011-12,G-pct,0.04658151765589782
9,2012-13,G-pct,0.05709992486851991
10,2013-14,G-pct,0.05785123966942149
11,2014-15,G-pct,0.051840721262208865
12,2015-16,G-pct,0.05709992486851991
13,2016-17,G-pct,0.05559729526671676
14,2017-18,G-pct,0.061607813673929375
15,2018-19,G-pct,0.04132231404958678
16,2019-20,G-pct,0.05033809166040571
17,2020-21,G-pct,0.033809166040571
18,2021-22,G-pct,0.015777610818933134
0,2003-04,G-pct-accum,0.059353869271224644
1,2004-05,G-pct-accum,0.11945905334335086
2,2005-06,G-pct-accum,0.1788129226145755
3,2006-07,G-pct-accum,0.23741547708489855
4,2007-08,G-pct-accum,0.2937640871525169
5,2008-09,G-pct-accum,0.3546205860255447
6,2009-10,G-pct-accum,0.4117205108940646
7,2010-11,G-pct-accum,0.47107438016528924
8,2011-12,G-pct-accum,0.517655897821187
9,2012-13,G-pct-accum,0.5747558226897069
10,2013-14,G-pct-accum,0.6326070623591284
11,2014-15,G-pct-accum,0.6844477836213373
12,2015-16,G-pct-accum,0.7415477084898572
13,2016-17,G-pct-accum,0.7971450037565739
14,2017-18,G-pct-accum,0.8587528174305034
15,2018-19,G-pct-accum,0.9000751314800901
16,2019-20,G-pct-accum,0.9504132231404958
17,2020-21,G-pct-accum,0.9842223891810669
18,2021-22,G-pct-accum,1.0
0,2003-04,MP,3122.0
1,2004-05,MP,3388.0
2,2005-06,MP,3361.0
3,2006-07,MP,3190.0
4,2007-08,MP,3027.0
5,2008-09,MP,3054.0
6,2009-10,MP,2966.0
7,2010-11,MP,3063.0
8,2011-12,MP,2326.0
9,2012-13,MP,2877.0
10,2013-14,MP,2902.0
11,2014-15,MP,2493.0
12,2015-16,MP,2709.0
13,2016-17,MP,2794.0
14,2017-18,MP,3026.0
15,2018-19,MP,1937.0
16,2019-20,MP,2316.0
17,2020-21,MP,1504.0
18,2021-22,MP,775.0
0,2003-04,MP-accum,3122.0
1,2004-05,MP-accum,6510.0
2,2005-06,MP-accum,9871.0
3,2006-07,MP-accum,13061.0
4,2007-08,MP-accum,16088.0
5,2008-09,MP-accum,19142.0
6,2009-10,MP-accum,22108.0
7,2010-11,MP-accum,25171.0
8,2011-12,MP-accum,27497.0
9,2012-13,MP-accum,30374.0
10,2013-14,MP-accum,33276.0
11,2014-15,MP-accum,35769.0
12,2015-16,MP-accum,38478.0
13,2016-17,MP-accum,41272.0
14,2017-18,MP-accum,44298.0
15,2018-19,MP-accum,46235.0
16,2019-20,MP-accum,48551.0
17,2020-21,MP-accum,50055.0
18,2021-22,MP-accum,50830.0
0,2003-04,MP-total,50830.0
1,2004-05,MP-total,50830.0
2,2005-06,MP-total,50830.0
3,2006-07,MP-total,50830.0
4,2007-08,MP-total,50830.0
5,2008-09,MP-total,50830.0
6,2009-10,MP-total,50830.0
7,2010-11,MP-total,50830.0
8,2011-12,MP-total,50830.0
9,2012-13,MP-total,50830.0
10,2013-14,MP-total,50830.0
11,2014-15,MP-total,50830.0
12,2015-16,MP-total,50830.0
13,2016-17,MP-total,50830.0
14,2017-18,MP-total,50830.0
15,2018-19,MP-total,50830.0
16,2019-20,MP-total,50830.0
17,2020-21,MP-total,50830.0
18,2021-22,MP-total,50830.0
0,2003-04,MP-pct,0.06142042101121385
1,2004-05,MP-pct,0.06665355105252803
2,2005-06,MP-pct,0.06612236867991343
3,2006-07,MP-pct,0.06275821365335432
4,2007-08,MP-pct,0.059551445996458785
5,2008-09,MP-pct,0.06008262836907338
6,2009-10,MP-pct,0.05835136730277395
7,2010-11,MP-pct,0.06025968915994492
8,2011-12,MP-pct,0.04576037772968719
9,2012-13,MP-pct,0.056600432815266576
10,2013-14,MP-pct,0.057092268345465276
11,2014-15,MP-pct,0.04904583907141452
12,2015-16,MP-pct,0.053295298052331304
13,2016-17,MP-pct,0.05496753885500689
14,2017-18,MP-pct,0.05953177257525084
15,2018-19,MP-pct,0.038107416879795394
16,2019-20,MP-pct,0.045563643517607715
17,2020-21,MP-pct,0.029588825496753887
18,2021-22,MP-pct,0.015246901436159747
0,2003-04,MP-pct-accum,0.06142042101121385
1,2004-05,MP-pct-accum,0.12807397206374188
2,2005-06,MP-pct-accum,0.19419634074365533
3,2006-07,MP-pct-accum,0.25695455439700965
4,2007-08,MP-pct-accum,0.31650600039346843
5,2008-09,MP-pct-accum,0.37658862876254184
6,2009-10,MP-pct-accum,0.4349399960653158
7,2010-11,MP-pct-accum,0.4951996852252607
8,2011-12,MP-pct-accum,0.5409600629549479
9,2012-13,MP-pct-accum,0.5975604957702145
10,2013-14,MP-pct-accum,0.6546527641156799
11,2014-15,MP-pct-accum,0.7036986031870944
12,2015-16,MP-pct-accum,0.7569939012394258
13,2016-17,MP-pct-accum,0.8119614400944327
14,2017-18,MP-pct-accum,0.8714932126696836
15,2018-19,MP-pct-accum,0.909600629549479
16,2019-20,MP-pct-accum,0.9551642730670866
17,2020-21,MP-pct-accum,0.9847530985638405
18,2021-22,MP-pct-accum,1.0000000000000002
0,2003-04,FG,622.0
1,2004-05,FG,795.0
2,2005-06,FG,875.0
3,2006-07,FG,772.0
4,2007-08,FG,794.0
5,2008-09,FG,789.0
6,2009-10,FG,768.0
7,2010-11,FG,758.0
8,2011-12,FG,621.0
9,2012-13,FG,765.0
10,2013-14,FG,767.0
11,2014-15,FG,624.0
12,2015-16,FG,737.0
13,2016-17,FG,736.0
14,2017-18,FG,857.0
15,2018-19,FG,558.0
16,2019-20,FG,643.0
17,2020-21,FG,422.0
18,2021-22,FG,213.0
0,2003-04,FG-accum,622.0
1,2004-05,FG-accum,1417.0
2,2005-06,FG-accum,2292.0
3,2006-07,FG-accum,3064.0
4,2007-08,FG-accum,3858.0
5,2008-09,FG-accum,4647.0
6,2009-10,FG-accum,5415.0
7,2010-11,FG-accum,6173.0
8,2011-12,FG-accum,6794.0
9,2012-13,FG-accum,7559.0
10,2013-14,FG-accum,8326.0
11,2014-15,FG-accum,8950.0
12,2015-16,FG-accum,9687.0
13,2016-17,FG-accum,10423.0
14,2017-18,FG-accum,11280.0
15,2018-19,FG-accum,11838.0
16,2019-20,FG-accum,12481.0
17,2020-21,FG-accum,12903.0
18,2021-22,FG-accum,13116.0
0,2003-04,FG-total,13116.0
1,2004-05,FG-total,13116.0
2,2005-06,FG-total,13116.0
3,2006-07,FG-total,13116.0
4,2007-08,FG-total,13116.0
5,2008-09,FG-total,13116.0
6,2009-10,FG-total,13116.0
7,2010-11,FG-total,13116.0
8,2011-12,FG-total,13116.0
9,2012-13,FG-total,13116.0
10,2013-14,FG-total,13116.0
11,2014-15,FG-total,13116.0
12,2015-16,FG-total,13116.0
13,2016-17,FG-total,13116.0
14,2017-18,FG-total,13116.0
15,2018-19,FG-total,13116.0
16,2019-20,FG-total,13116.0
17,2020-21,FG-total,13116.0
18,2021-22,FG-total,13116.0
0,2003-04,FG-pct,0.04742299481549253
1,2004-05,FG-pct,0.06061299176578225
2,2005-06,FG-pct,0.06671241232082951
3,2006-07,FG-pct,0.058859408356206164
4,2007-08,FG-pct,0.06053674900884416
5,2008-09,FG-pct,0.060155535224153706
6,2009-10,FG-pct,0.0585544373284538
7,2010-11,FG-pct,0.057792009759072886
8,2011-12,FG-pct,0.04734675205855444
9,2012-13,FG-pct,0.05832570905763952
10,2013-14,FG-pct,0.05847819457151571
11,2014-15,FG-pct,0.04757548032936871
12,2015-16,FG-pct,0.05619091186337298
13,2016-17,FG-pct,0.05611466910643489
14,2017-18,FG-pct,0.06534004269594389
15,2018-19,FG-pct,0.042543458371454713
16,2019-20,FG-pct,0.04902409271119244
17,2020-21,FG-pct,0.03217444342787435
18,2021-22,FG-pct,0.016239707227813358
0,2003-04,FG-pct-accum,0.04742299481549253
1,2004-05,FG-pct-accum,0.10803598658127478
2,2005-06,FG-pct-accum,0.1747483989021043
3,2006-07,FG-pct-accum,0.23360780725831048
4,2007-08,FG-pct-accum,0.29414455626715463
5,2008-09,FG-pct-accum,0.35430009149130837
6,2009-10,FG-pct-accum,0.41285452881976215
7,2010-11,FG-pct-accum,0.47064653857883504
8,2011-12,FG-pct-accum,0.5179932906373895
9,2012-13,FG-pct-accum,0.5763189996950291
10,2013-14,FG-pct-accum,0.6347971942665448
11,2014-15,FG-pct-accum,0.6823726745959136
12,2015-16,FG-pct-accum,0.7385635864592865
13,2016-17,FG-pct-accum,0.7946782555657215
14,2017-18,FG-pct-accum,0.8600182982616653
15,2018-19,FG-pct-accum,0.90256175663312
16,2019-20,FG-pct-accum,0.9515858493443125
17,2020-21,FG-pct-accum,0.9837602927721868
18,2021-22,FG-pct-accum,1.0000000000000002
0,2003-04,FGA,1492.0
1,2004-05,FGA,1684.0
2,2005-06,FGA,1823.0
3,2006-07,FGA,1621.0
4,2007-08,FGA,1642.0
5,2008-09,FGA,1613.0
6,2009-10,FGA,1528.0
7,2010-11,FGA,1485.0
8,2011-12,FGA,1169.0
9,2012-13,FGA,1354.0
10,2013-14,FGA,1353.0
11,2014-15,FGA,1279.0
12,2015-16,FGA,1416.0
13,2016-17,FGA,1344.0
14,2017-18,FGA,1580.0
15,2018-19,FGA,1095.0
16,2019-20,FGA,1303.0
17,2020-21,FGA,823.0
18,2021-22,FGA,414.0
0,2003-04,FGA-accum,1492.0
1,2004-05,FGA-accum,3176.0
2,2005-06,FGA-accum,4999.0
3,2006-07,FGA-accum,6620.0
4,2007-08,FGA-accum,8262.0
5,2008-09,FGA-accum,9875.0
6,2009-10,FGA-accum,11403.0
7,2010-11,FGA-accum,12888.0
8,2011-12,FGA-accum,14057.0
9,2012-13,FGA-accum,15411.0
10,2013-14,FGA-accum,16764.0
11,2014-15,FGA-accum,18043.0
12,2015-16,FGA-accum,19459.0
13,2016-17,FGA-accum,20803.0
14,2017-18,FGA-accum,22383.0
15,2018-19,FGA-accum,23478.0
16,2019-20,FGA-accum,24781.0
17,2020-21,FGA-accum,25604.0
18,2021-22,FGA-accum,26018.0
0,2003-04,FGA-total,26018.0
1,2004-05,FGA-total,26018.0
2,2005-06,FGA-total,26018.0
3,2006-07,FGA-total,26018.0
4,2007-08,FGA-total,26018.0
5,2008-09,FGA-total,26018.0
6,2009-10,FGA-total,26018.0
7,2010-11,FGA-total,26018.0
8,2011-12,FGA-total,26018.0
9,2012-13,FGA-total,26018.0
10,2013-14,FGA-total,26018.0
11,2014-15,FGA-total,26018.0
12,2015-16,FGA-total,26018.0
13,2016-17,FGA-total,26018.0
14,2017-18,FGA-total,26018.0
15,2018-19,FGA-total,26018.0
16,2019-20,FGA-total,26018.0
17,2020-21,FGA-total,26018.0
18,2021-22,FGA-total,26018.0
0,2003-04,FGA-pct,0.05734491505880544
1,2004-05,FGA-pct,0.06472442155430856
2,2005-06,FGA-pct,0.0700668767776155
3,2006-07,FGA-pct,0.062303020985471594
4,2007-08,FGA-pct,0.06311015450841725
5,2008-09,FGA-pct,0.061995541548158964
6,2009-10,FGA-pct,0.05872857252671228
7,2010-11,FGA-pct,0.05707587055115689
8,2011-12,FGA-pct,0.044930432777308016
9,2012-13,FGA-pct,0.052040894765162576
10,2013-14,FGA-pct,0.0520024598354985
11,2014-15,FGA-pct,0.04915827504035668
12,2015-16,FGA-pct,0.05442386040433546
13,2016-17,FGA-pct,0.051656545468521796
14,2017-18,FGA-pct,0.06072718886924437
15,2018-19,FGA-pct,0.042086247982166196
16,2019-20,FGA-pct,0.05008071335229457
17,2020-21,FGA-pct,0.031631947113536785
18,2021-22,FGA-pct,0.01591206088092859
0,2003-04,FGA-pct-accum,0.05734491505880544
1,2004-05,FGA-pct-accum,0.122069336613114
2,2005-06,FGA-pct-accum,0.1921362133907295
3,2006-07,FGA-pct-accum,0.2544392343762011
4,2007-08,FGA-pct-accum,0.31754938888461837
5,2008-09,FGA-pct-accum,0.3795449304327773
6,2009-10,FGA-pct-accum,0.4382735029594896
7,2010-11,FGA-pct-accum,0.49534937351064645
8,2011-12,FGA-pct-accum,0.5402798062879545
9,2012-13,FGA-pct-accum,0.5923207010531171
10,2013-14,FGA-pct-accum,0.6443231608886155
11,2014-15,FGA-pct-accum,0.6934814359289722
12,2015-16,FGA-pct-accum,0.7479052963333076
13,2016-17,FGA-pct-accum,0.7995618418018294
14,2017-18,FGA-pct-accum,0.8602890306710738
15,2018-19,FGA-pct-accum,0.90237527865324
16,2019-20,FGA-pct-accum,0.9524559920055345
17,2020-21,FGA-pct-accum,0.9840879391190713
18,2021-22,FGA-pct-accum,0.9999999999999999
0,2003-04,3P,63.0
1,2004-05,3P,108.0
2,2005-06,3P,127.0
3,2006-07,3P,99.0
4,2007-08,3P,113.0
5,2008-09,3P,132.0
6,2009-10,3P,129.0
7,2010-11,3P,92.0
8,2011-12,3P,54.0
9,2012-13,3P,103.0
10,2013-14,3P,116.0
11,2014-15,3P,120.0
12,2015-16,3P,87.0
13,2016-17,3P,124.0
14,2017-18,3P,149.0
15,2018-19,3P,111.0
16,2019-20,3P,148.0
17,2020-21,3P,104.0
18,2021-22,3P,55.0
0,2003-04,3P-accum,63.0
1,2004-05,3P-accum,171.0
2,2005-06,3P-accum,298.0
3,2006-07,3P-accum,397.0
4,2007-08,3P-accum,510.0
5,2008-09,3P-accum,642.0
6,2009-10,3P-accum,771.0
7,2010-11,3P-accum,863.0
8,2011-12,3P-accum,917.0
9,2012-13,3P-accum,1020.0
10,2013-14,3P-accum,1136.0
11,2014-15,3P-accum,1256.0
12,2015-16,3P-accum,1343.0
13,2016-17,3P-accum,1467.0
14,2017-18,3P-accum,1616.0
15,2018-19,3P-accum,1727.0
16,2019-20,3P-accum,1875.0
17,2020-21,3P-accum,1979.0
18,2021-22,3P-accum,2034.0
0,2003-04,3P-total,2034.0
1,2004-05,3P-total,2034.0
2,2005-06,3P-total,2034.0
3,2006-07,3P-total,2034.0
4,2007-08,3P-total,2034.0
5,2008-09,3P-total,2034.0
6,2009-10,3P-total,2034.0
7,2010-11,3P-total,2034.0
8,2011-12,3P-total,2034.0
9,2012-13,3P-total,2034.0
10,2013-14,3P-total,2034.0
11,2014-15,3P-total,2034.0
12,2015-16,3P-total,2034.0
13,2016-17,3P-total,2034.0
14,2017-18,3P-total,2034.0
15,2018-19,3P-total,2034.0
16,2019-20,3P-total,2034.0
17,2020-21,3P-total,2034.0
18,2021-22,3P-total,2034.0
0,2003-04,3P-pct,0.030973451327433628
1,2004-05,3P-pct,0.05309734513274336
2,2005-06,3P-pct,0.0624385447394297
3,2006-07,3P-pct,0.048672566371681415
4,2007-08,3P-pct,0.05555555555555555
5,2008-09,3P-pct,0.06489675516224189
6,2009-10,3P-pct,0.06342182890855458
7,2010-11,3P-pct,0.04523107177974434
8,2011-12,3P-pct,0.02654867256637168
9,2012-13,3P-pct,0.05063913470993117
10,2013-14,3P-pct,0.05703048180924287
11,2014-15,3P-pct,0.058997050147492625
12,2015-16,3P-pct,0.04277286135693215
13,2016-17,3P-pct,0.06096361848574238
14,2017-18,3P-pct,0.07325467059980334
15,2018-19,3P-pct,0.05457227138643068
16,2019-20,3P-pct,0.0727630285152409
17,2020-21,3P-pct,0.051130776794493606
18,2021-22,3P-pct,0.02704031465093412
0,2003-04,3P-pct-accum,0.030973451327433628
1,2004-05,3P-pct-accum,0.08407079646017698
2,2005-06,3P-pct-accum,0.14650934119960668
3,2006-07,3P-pct-accum,0.1951819075712881
4,2007-08,3P-pct-accum,0.25073746312684364
5,2008-09,3P-pct-accum,0.31563421828908556
6,2009-10,3P-pct-accum,0.37905604719764013
7,2010-11,3P-pct-accum,0.42428711897738447
8,2011-12,3P-pct-accum,0.45083579154375614
9,2012-13,3P-pct-accum,0.5014749262536873
10,2013-14,3P-pct-accum,0.5585054080629301
11,2014-15,3P-pct-accum,0.6175024582104227
12,2015-16,3P-pct-accum,0.6602753195673549
13,2016-17,3P-pct-accum,0.7212389380530972
14,2017-18,3P-pct-accum,0.7944936086529006
15,2018-19,3P-pct-accum,0.8490658800393314
16,2019-20,3P-pct-accum,0.9218289085545722
17,2020-21,3P-pct-accum,0.9729596853490659
18,2021-22,3P-pct-accum,1.0
0,2003-04,2P,559.0
1,2004-05,2P,687.0
2,2005-06,2P,748.0
3,2006-07,2P,673.0
4,2007-08,2P,681.0
5,2008-09,2P,657.0
6,2009-10,2P,639.0
7,2010-11,2P,666.0
8,2011-12,2P,567.0
9,2012-13,2P,662.0
10,2013-14,2P,651.0
11,2014-15,2P,504.0
12,2015-16,2P,650.0
13,2016-17,2P,612.0
14,2017-18,2P,708.0
15,2018-19,2P,447.0
16,2019-20,2P,495.0
17,2020-21,2P,318.0
18,2021-22,2P,158.0
0,2003-04,2P-accum,559.0
1,2004-05,2P-accum,1246.0
2,2005-06,2P-accum,1994.0
3,2006-07,2P-accum,2667.0
4,2007-08,2P-accum,3348.0
5,2008-09,2P-accum,4005.0
6,2009-10,2P-accum,4644.0
7,2010-11,2P-accum,5310.0
8,2011-12,2P-accum,5877.0
9,2012-13,2P-accum,6539.0
10,2013-14,2P-accum,7190.0
11,2014-15,2P-accum,7694.0
12,2015-16,2P-accum,8344.0
13,2016-17,2P-accum,8956.0
14,2017-18,2P-accum,9664.0
15,2018-19,2P-accum,10111.0
16,2019-20,2P-accum,10606.0
17,2020-21,2P-accum,10924.0
18,2021-22,2P-accum,11082.0
0,2003-04,2P-total,11082.0
1,2004-05,2P-total,11082.0
2,2005-06,2P-total,11082.0
3,2006-07,2P-total,11082.0
4,2007-08,2P-total,11082.0
5,2008-09,2P-total,11082.0
6,2009-10,2P-total,11082.0
7,2010-11,2P-total,11082.0
8,2011-12,2P-total,11082.0
9,2012-13,2P-total,11082.0
10,2013-14,2P-total,11082.0
11,2014-15,2P-total,11082.0
12,2015-16,2P-total,11082.0
13,2016-17,2P-total,11082.0
14,2017-18,2P-total,11082.0
15,2018-19,2P-total,11082.0
16,2019-20,2P-total,11082.0
17,2020-21,2P-total,11082.0
18,2021-22,2P-total,11082.0
0,2003-04,2P-pct,0.0504421584551525
1,2004-05,2P-pct,0.06199242014076881
2,2005-06,2P-pct,0.06749684172532033
3,2006-07,2P-pct,0.060729110268904526
4,2007-08,2P-pct,0.06145100162425555
5,2008-09,2P-pct,0.05928532755820249
6,2009-10,2P-pct,0.057661072008662696
7,2010-11,2P-pct,0.06009745533297239
8,2011-12,2P-pct,0.05116404981050352
9,2012-13,2P-pct,0.05973650965529688
10,2013-14,2P-pct,0.058743909041689225
11,2014-15,2P-pct,0.04547915538711424
12,2015-16,2P-pct,0.05865367262227035
13,2016-17,2P-pct,0.055224688684353006
14,2017-18,2P-pct,0.06388738494856525
15,2018-19,2P-pct,0.040335679480238223
16,2019-20,2P-pct,0.04466702761234434
17,2020-21,2P-pct,0.028695181375203032
18,2021-22,2P-pct,0.01425735426818264
0,2003-04,2P-pct-accum,0.0504421584551525
1,2004-05,2P-pct-accum,0.11243457859592132
2,2005-06,2P-pct-accum,0.17993142032124165
3,2006-07,2P-pct-accum,0.2406605305901462
4,2007-08,2P-pct-accum,0.30211153221440173
5,2008-09,2P-pct-accum,0.3613968597726042
6,2009-10,2P-pct-accum,0.41905793178126693
7,2010-11,2P-pct-accum,0.47915538711423933
8,2011-12,2P-pct-accum,0.5303194369247428
9,2012-13,2P-pct-accum,0.5900559465800397
10,2013-14,2P-pct-accum,0.6487998556217289
11,2014-15,2P-pct-accum,0.6942790110088431
12,2015-16,2P-pct-accum,0.7529326836311135
13,2016-17,2P-pct-accum,0.8081573723154666
14,2017-18,2P-pct-accum,0.8720447572640319
15,2018-19,2P-pct-accum,0.91238043674427
16,2019-20,2P-pct-accum,0.9570474643566144
17,2020-21,2P-pct-accum,0.9857426457318174
18,2021-22,2P-pct-accum,1.0
0,2003-04,FT,347.0
1,2004-05,FT,477.0
2,2005-06,FT,601.0
3,2006-07,FT,489.0
4,2007-08,FT,549.0
5,2008-09,FT,594.0
6,2009-10,FT,593.0
7,2010-11,FT,503.0
8,2011-12,FT,387.0
9,2012-13,FT,403.0
10,2013-14,FT,439.0
11,2014-15,FT,375.0
12,2015-16,FT,359.0
13,2016-17,FT,358.0
14,2017-18,FT,388.0
15,2018-19,FT,278.0
16,2019-20,FT,264.0
17,2020-21,FT,178.0
18,2021-22,FT,82.0
0,2003-04,FT-accum,347.0
1,2004-05,FT-accum,824.0
2,2005-06,FT-accum,1425.0
3,2006-07,FT-accum,1914.0
4,2007-08,FT-accum,2463.0
5,2008-09,FT-accum,3057.0
6,2009-10,FT-accum,3650.0
7,2010-11,FT-accum,4153.0
8,2011-12,FT-accum,4540.0
9,2012-13,FT-accum,4943.0
10,2013-14,FT-accum,5382.0
11,2014-15,FT-accum,5757.0
12,2015-16,FT-accum,6116.0
13,2016-17,FT-accum,6474.0
14,2017-18,FT-accum,6862.0
15,2018-19,FT-accum,7140.0
16,2019-20,FT-accum,7404.0
17,2020-21,FT-accum,7582.0
18,2021-22,FT-accum,7664.0
0,2003-04,FT-total,7664.0
1,2004-05,FT-total,7664.0
2,2005-06,FT-total,7664.0
3,2006-07,FT-total,7664.0
4,2007-08,FT-total,7664.0
5,2008-09,FT-total,7664.0
6,2009-10,FT-total,7664.0
7,2010-11,FT-total,7664.0
8,2011-12,FT-total,7664.0
9,2012-13,FT-total,7664.0
10,2013-14,FT-total,7664.0
11,2014-15,FT-total,7664.0
12,2015-16,FT-total,7664.0
13,2016-17,FT-total,7664.0
14,2017-18,FT-total,7664.0
15,2018-19,FT-total,7664.0
16,2019-20,FT-total,7664.0
17,2020-21,FT-total,7664.0
18,2021-22,FT-total,7664.0
0,2003-04,FT-pct,0.04527661795407098
1,2004-05,FT-pct,0.062239039665970775
2,2005-06,FT-pct,0.07841858037578288
3,2006-07,FT-pct,0.06380480167014614
4,2007-08,FT-pct,0.07163361169102296
5,2008-09,FT-pct,0.07750521920668059
6,2009-10,FT-pct,0.07737473903966598
7,2010-11,FT-pct,0.06563152400835073
8,2011-12,FT-pct,0.05049582463465553
9,2012-13,FT-pct,0.052583507306889356
10,2013-14,FT-pct,0.05728079331941545
11,2014-15,FT-pct,0.048930062630480164
12,2015-16,FT-pct,0.04684237995824635
13,2016-17,FT-pct,0.046711899791231734
14,2017-18,FT-pct,0.050626304801670144
15,2018-19,FT-pct,0.03627348643006263
16,2019-20,FT-pct,0.03444676409185804
17,2020-21,FT-pct,0.023225469728601254
18,2021-22,FT-pct,0.01069937369519833
0,2003-04,FT-pct-accum,0.04527661795407098
1,2004-05,FT-pct-accum,0.10751565762004175
2,2005-06,FT-pct-accum,0.18593423799582465
3,2006-07,FT-pct-accum,0.24973903966597077
4,2007-08,FT-pct-accum,0.3213726513569937
5,2008-09,FT-pct-accum,0.3988778705636743
6,2009-10,FT-pct-accum,0.47625260960334026
7,2010-11,FT-pct-accum,0.541884133611691
8,2011-12,FT-pct-accum,0.5923799582463465
9,2012-13,FT-pct-accum,0.6449634655532358
10,2013-14,FT-pct-accum,0.7022442588726513
11,2014-15,FT-pct-accum,0.7511743215031315
12,2015-16,FT-pct-accum,0.7980167014613778
13,2016-17,FT-pct-accum,0.8447286012526095
14,2017-18,FT-pct-accum,0.8953549060542797
15,2018-19,FT-pct-accum,0.9316283924843424
16,2019-20,FT-pct-accum,0.9660751565762005
17,2020-21,FT-pct-accum,0.9893006263048018
18,2021-22,FT-pct-accum,1.0
0,2003-04,TRB,432.0
1,2004-05,TRB,588.0
2,2005-06,TRB,556.0
3,2006-07,TRB,526.0
4,2007-08,TRB,592.0
5,2008-09,TRB,613.0
6,2009-10,TRB,554.0
7,2010-11,TRB,590.0
8,2011-12,TRB,492.0
9,2012-13,TRB,610.0
10,2013-14,TRB,533.0
11,2014-15,TRB,416.0
12,2015-16,TRB,565.0
13,2016-17,TRB,639.0
14,2017-18,TRB,709.0
15,2018-19,TRB,465.0
16,2019-20,TRB,525.0
17,2020-21,TRB,346.0
18,2021-22,TRB,141.0
0,2003-04,TRB-accum,432.0
1,2004-05,TRB-accum,1020.0
2,2005-06,TRB-accum,1576.0
3,2006-07,TRB-accum,2102.0
4,2007-08,TRB-accum,2694.0
5,2008-09,TRB-accum,3307.0
6,2009-10,TRB-accum,3861.0
7,2010-11,TRB-accum,4451.0
8,2011-12,TRB-accum,4943.0
9,2012-13,TRB-accum,5553.0
10,2013-14,TRB-accum,6086.0
11,2014-15,TRB-accum,6502.0
12,2015-16,TRB-accum,7067.0
13,2016-17,TRB-accum,7706.0
14,2017-18,TRB-accum,8415.0
15,2018-19,TRB-accum,8880.0
16,2019-20,TRB-accum,9405.0
17,2020-21,TRB-accum,9751.0
18,2021-22,TRB-accum,9892.0
0,2003-04,TRB-total,9892.0
1,2004-05,TRB-total,9892.0
2,2005-06,TRB-total,9892.0
3,2006-07,TRB-total,9892.0
4,2007-08,TRB-total,9892.0
5,2008-09,TRB-total,9892.0
6,2009-10,TRB-total,9892.0
7,2010-11,TRB-total,9892.0
8,2011-12,TRB-total,9892.0
9,2012-13,TRB-total,9892.0
10,2013-14,TRB-total,9892.0
11,2014-15,TRB-total,9892.0
12,2015-16,TRB-total,9892.0
13,2016-17,TRB-total,9892.0
14,2017-18,TRB-total,9892.0
15,2018-19,TRB-total,9892.0
16,2019-20,TRB-total,9892.0
17,2020-21,TRB-total,9892.0
18,2021-22,TRB-total,9892.0
0,2003-04,TRB-pct,0.043671653861706426
1,2004-05,TRB-pct,0.059441973311767086
2,2005-06,TRB-pct,0.05620703598867772
3,2006-07,TRB-pct,0.05317428224828144
4,2007-08,TRB-pct,0.05984634047715325
5,2008-09,TRB-pct,0.06196926809543065
6,2009-10,TRB-pct,0.056004852405984636
7,2010-11,TRB-pct,0.05964415689446017
8,2011-12,TRB-pct,0.04973716134249899
9,2012-13,TRB-pct,0.061665992721391026
10,2013-14,TRB-pct,0.05388192478770724
11,2014-15,TRB-pct,0.04205418520016175
12,2015-16,TRB-pct,0.057116862110796605
13,2016-17,TRB-pct,0.06459765467044076
14,2017-18,TRB-pct,0.07167408006469875
15,2018-19,TRB-pct,0.047007682976142336
16,2019-20,TRB-pct,0.0530731904569349
17,2020-21,TRB-pct,0.03497775980590376
18,2021-22,TRB-pct,0.014253942579862516
0,2003-04,TRB-pct-accum,0.043671653861706426
1,2004-05,TRB-pct-accum,0.10311362717347351
2,2005-06,TRB-pct-accum,0.15932066316215124
3,2006-07,TRB-pct-accum,0.21249494541043268
4,2007-08,TRB-pct-accum,0.27234128588758594
5,2008-09,TRB-pct-accum,0.33431055398301657
6,2009-10,TRB-pct-accum,0.3903154063890012
7,2010-11,TRB-pct-accum,0.4499595632834614
8,2011-12,TRB-pct-accum,0.4996967246259604
9,2012-13,TRB-pct-accum,0.5613627173473514
10,2013-14,TRB-pct-accum,0.6152446421350587
11,2014-15,TRB-pct-accum,0.6572988273352205
12,2015-16,TRB-pct-accum,0.7144156894460171
13,2016-17,TRB-pct-accum,0.7790133441164578
14,2017-18,TRB-pct-accum,0.8506874241811566
15,2018-19,TRB-pct-accum,0.8976951071572989
16,2019-20,TRB-pct-accum,0.9507682976142339
17,2020-21,TRB-pct-accum,0.9857460574201377
18,2021-22,TRB-pct-accum,1.0000000000000002
0,2003-04,AST,465.0
1,2004-05,AST,577.0
2,2005-06,AST,521.0
3,2006-07,AST,470.0
4,2007-08,AST,539.0
5,2008-09,AST,587.0
6,2009-10,AST,651.0
7,2010-11,AST,554.0
8,2011-12,AST,387.0
9,2012-13,AST,551.0
10,2013-14,AST,488.0
11,2014-15,AST,511.0
12,2015-16,AST,514.0
13,2016-17,AST,646.0
14,2017-18,AST,747.0
15,2018-19,AST,454.0
16,2019-20,AST,684.0
17,2020-21,AST,350.0
18,2021-22,AST,137.0
0,2003-04,AST-accum,465.0
1,2004-05,AST-accum,1042.0
2,2005-06,AST-accum,1563.0
3,2006-07,AST-accum,2033.0
4,2007-08,AST-accum,2572.0
5,2008-09,AST-accum,3159.0
6,2009-10,AST-accum,3810.0
7,2010-11,AST-accum,4364.0
8,2011-12,AST-accum,4751.0
9,2012-13,AST-accum,5302.0
10,2013-14,AST-accum,5790.0
11,2014-15,AST-accum,6301.0
12,2015-16,AST-accum,6815.0
13,2016-17,AST-accum,7461.0
14,2017-18,AST-accum,8208.0
15,2018-19,AST-accum,8662.0
16,2019-20,AST-accum,9346.0
17,2020-21,AST-accum,9696.0
18,2021-22,AST-accum,9833.0
0,2003-04,AST-total,9833.0
1,2004-05,AST-total,9833.0
2,2005-06,AST-total,9833.0
3,2006-07,AST-total,9833.0
4,2007-08,AST-total,9833.0
5,2008-09,AST-total,9833.0
6,2009-10,AST-total,9833.0
7,2010-11,AST-total,9833.0
8,2011-12,AST-total,9833.0
9,2012-13,AST-total,9833.0
10,2013-14,AST-total,9833.0
11,2014-15,AST-total,9833.0
12,2015-16,AST-total,9833.0
13,2016-17,AST-total,9833.0
14,2017-18,AST-total,9833.0
15,2018-19,AST-total,9833.0
16,2019-20,AST-total,9833.0
17,2020-21,AST-total,9833.0
18,2021-22,AST-total,9833.0
0,2003-04,AST-pct,0.047289738635207974
1,2004-05,AST-pct,0.058679955252720434
2,2005-06,AST-pct,0.0529848469439642
3,2006-07,AST-pct,0.04779823044848978
4,2007-08,AST-pct,0.054815417471778705
5,2008-09,AST-pct,0.059696938879284046
6,2009-10,AST-pct,0.06620563408929116
7,2010-11,AST-pct,0.05634089291162412
8,2011-12,AST-pct,0.039357266348011795
9,2012-13,AST-pct,0.05603579782365504
10,2013-14,AST-pct,0.04962880097630428
11,2014-15,AST-pct,0.05196786331740059
12,2015-16,AST-pct,0.05227295840536968
13,2016-17,AST-pct,0.06569714227600935
14,2017-18,AST-pct,0.07596867690430184
15,2018-19,AST-pct,0.046171056645988
16,2019-20,AST-pct,0.06956168005695108
17,2020-21,AST-pct,0.03559442692972643
18,2021-22,AST-pct,0.01393267568392149
0,2003-04,AST-pct-accum,0.047289738635207974
1,2004-05,AST-pct-accum,0.1059696938879284
2,2005-06,AST-pct-accum,0.1589545408318926
3,2006-07,AST-pct-accum,0.20675277128038236
4,2007-08,AST-pct-accum,0.26156818875216103
5,2008-09,AST-pct-accum,0.3212651276314451
6,2009-10,AST-pct-accum,0.38747076172073625
7,2010-11,AST-pct-accum,0.4438116546323604
8,2011-12,AST-pct-accum,0.4831689209803722
9,2012-13,AST-pct-accum,0.5392047188040272
10,2013-14,AST-pct-accum,0.5888335197803315
11,2014-15,AST-pct-accum,0.640801383097732
12,2015-16,AST-pct-accum,0.6930743415031018
13,2016-17,AST-pct-accum,0.7587714837791111
14,2017-18,AST-pct-accum,0.834740160683413
15,2018-19,AST-pct-accum,0.8809112173294009
16,2019-20,AST-pct-accum,0.950472897386352
17,2020-21,AST-pct-accum,0.9860673243160785
18,2021-22,AST-pct-accum,1.0
0,2003-04,STL,130.0
1,2004-05,STL,177.0
2,2005-06,STL,123.0
3,2006-07,STL,125.0
4,2007-08,STL,138.0
5,2008-09,STL,137.0
6,2009-10,STL,125.0
7,2010-11,STL,124.0
8,2011-12,STL,115.0
9,2012-13,STL,129.0
10,2013-14,STL,121.0
11,2014-15,STL,109.0
12,2015-16,STL,104.0
13,2016-17,STL,92.0
14,2017-18,STL,116.0
15,2018-19,STL,72.0
16,2019-20,STL,78.0
17,2020-21,STL,48.0
18,2021-22,STL,35.0
0,2003-04,STL-accum,130.0
1,2004-05,STL-accum,307.0
2,2005-06,STL-accum,430.0
3,2006-07,STL-accum,555.0
4,2007-08,STL-accum,693.0
5,2008-09,STL-accum,830.0
6,2009-10,STL-accum,955.0
7,2010-11,STL-accum,1079.0
8,2011-12,STL-accum,1194.0
9,2012-13,STL-accum,1323.0
10,2013-14,STL-accum,1444.0
11,2014-15,STL-accum,1553.0
12,2015-16,STL-accum,1657.0
13,2016-17,STL-accum,1749.0
14,2017-18,STL-accum,1865.0
15,2018-19,STL-accum,1937.0
16,2019-20,STL-accum,2015.0
17,2020-21,STL-accum,2063.0
18,2021-22,STL-accum,2098.0
0,2003-04,STL-total,2098.0
1,2004-05,STL-total,2098.0
2,2005-06,STL-total,2098.0
3,2006-07,STL-total,2098.0
4,2007-08,STL-total,2098.0
5,2008-09,STL-total,2098.0
6,2009-10,STL-total,2098.0
7,2010-11,STL-total,2098.0
8,2011-12,STL-total,2098.0
9,2012-13,STL-total,2098.0
10,2013-14,STL-total,2098.0
11,2014-15,STL-total,2098.0
12,2015-16,STL-total,2098.0
13,2016-17,STL-total,2098.0
14,2017-18,STL-total,2098.0
15,2018-19,STL-total,2098.0
16,2019-20,STL-total,2098.0
17,2020-21,STL-total,2098.0
18,2021-22,STL-total,2098.0
0,2003-04,STL-pct,0.06196377502383222
1,2004-05,STL-pct,0.08436606291706387
2,2005-06,STL-pct,0.05862726406101049
3,2006-07,STL-pct,0.05958055290753098
4,2007-08,STL-pct,0.0657769304099142
5,2008-09,STL-pct,0.06530028598665395
6,2009-10,STL-pct,0.05958055290753098
7,2010-11,STL-pct,0.05910390848427073
8,2011-12,STL-pct,0.0548141086749285
9,2012-13,STL-pct,0.061487130600571975
10,2013-14,STL-pct,0.05767397521448999
11,2014-15,STL-pct,0.051954242135367014
12,2015-16,STL-pct,0.04957102001906578
13,2016-17,STL-pct,0.0438512869399428
14,2017-18,STL-pct,0.055290753098188754
15,2018-19,STL-pct,0.034318398474737846
16,2019-20,STL-pct,0.037178265014299335
17,2020-21,STL-pct,0.022878932316491896
18,2021-22,STL-pct,0.016682554814108675
0,2003-04,STL-pct-accum,0.06196377502383222
1,2004-05,STL-pct-accum,0.1463298379408961
2,2005-06,STL-pct-accum,0.2049571020019066
3,2006-07,STL-pct-accum,0.2645376549094376
4,2007-08,STL-pct-accum,0.33031458531935176
5,2008-09,STL-pct-accum,0.3956148713060057
6,2009-10,STL-pct-accum,0.4551954242135367
7,2010-11,STL-pct-accum,0.5142993326978075
8,2011-12,STL-pct-accum,0.569113441372736
9,2012-13,STL-pct-accum,0.630600571973308
10,2013-14,STL-pct-accum,0.688274547187798
11,2014-15,STL-pct-accum,0.740228789323165
12,2015-16,STL-pct-accum,0.7897998093422308
13,2016-17,STL-pct-accum,0.8336510962821736
14,2017-18,STL-pct-accum,0.8889418493803624
15,2018-19,STL-pct-accum,0.9232602478551002
16,2019-20,STL-pct-accum,0.9604385128693995
17,2020-21,STL-pct-accum,0.9833174451858914
18,2021-22,STL-pct-accum,1.0
0,2003-04,BLK,58.0
1,2004-05,BLK,52.0
2,2005-06,BLK,66.0
3,2006-07,BLK,55.0
4,2007-08,BLK,81.0
5,2008-09,BLK,93.0
6,2009-10,BLK,77.0
7,2010-11,BLK,50.0
8,2011-12,BLK,50.0
9,2012-13,BLK,67.0
10,2013-14,BLK,26.0
11,2014-15,BLK,49.0
12,2015-16,BLK,49.0
13,2016-17,BLK,44.0
14,2017-18,BLK,71.0
15,2018-19,BLK,33.0
16,2019-20,BLK,36.0
17,2020-21,BLK,25.0
18,2021-22,BLK,21.0
0,2003-04,BLK-accum,58.0
1,2004-05,BLK-accum,110.0
2,2005-06,BLK-accum,176.0
3,2006-07,BLK-accum,231.0
4,2007-08,BLK-accum,312.0
5,2008-09,BLK-accum,405.0
6,2009-10,BLK-accum,482.0
7,2010-11,BLK-accum,532.0
8,2011-12,BLK-accum,582.0
9,2012-13,BLK-accum,649.0
10,2013-14,BLK-accum,675.0
11,2014-15,BLK-accum,724.0
12,2015-16,BLK-accum,773.0
13,2016-17,BLK-accum,817.0
14,2017-18,BLK-accum,888.0
15,2018-19,BLK-accum,921.0
16,2019-20,BLK-accum,957.0
17,2020-21,BLK-accum,982.0
18,2021-22,BLK-accum,1003.0
0,2003-04,BLK-total,1003.0
1,2004-05,BLK-total,1003.0
2,2005-06,BLK-total,1003.0
3,2006-07,BLK-total,1003.0
4,2007-08,BLK-total,1003.0
5,2008-09,BLK-total,1003.0
6,2009-10,BLK-total,1003.0
7,2010-11,BLK-total,1003.0
8,2011-12,BLK-total,1003.0
9,2012-13,BLK-total,1003.0
10,2013-14,BLK-total,1003.0
11,2014-15,BLK-total,1003.0
12,2015-16,BLK-total,1003.0
13,2016-17,BLK-total,1003.0
14,2017-18,BLK-total,1003.0
15,2018-19,BLK-total,1003.0
16,2019-20,BLK-total,1003.0
17,2020-21,BLK-total,1003.0
18,2021-22,BLK-total,1003.0
0,2003-04,BLK-pct,0.05782652043868395
1,2004-05,BLK-pct,0.0518444666001994
2,2005-06,BLK-pct,0.06580259222333001
3,2006-07,BLK-pct,0.054835493519441676
4,2007-08,BLK-pct,0.08075772681954138
5,2008-09,BLK-pct,0.09272183449651047
6,2009-10,BLK-pct,0.07676969092721835
7,2010-11,BLK-pct,0.049850448654037885
8,2011-12,BLK-pct,0.049850448654037885
9,2012-13,BLK-pct,0.06679960119641076
10,2013-14,BLK-pct,0.0259222333000997
11,2014-15,BLK-pct,0.04885343968095713
12,2015-16,BLK-pct,0.04885343968095713
13,2016-17,BLK-pct,0.04386839481555334
14,2017-18,BLK-pct,0.0707876370887338
15,2018-19,BLK-pct,0.03290129611166501
16,2019-20,BLK-pct,0.03589232303090728
17,2020-21,BLK-pct,0.024925224327018942
18,2021-22,BLK-pct,0.020937188434695914
0,2003-04,BLK-pct-accum,0.05782652043868395
1,2004-05,BLK-pct-accum,0.10967098703888335
2,2005-06,BLK-pct-accum,0.17547357926221335
3,2006-07,BLK-pct-accum,0.23030907278165502
4,2007-08,BLK-pct-accum,0.31106679960119643
5,2008-09,BLK-pct-accum,0.40378863409770693
6,2009-10,BLK-pct-accum,0.4805583250249253
7,2010-11,BLK-pct-accum,0.5304087736789632
8,2011-12,BLK-pct-accum,0.5802592223330011
9,2012-13,BLK-pct-accum,0.6470588235294119
10,2013-14,BLK-pct-accum,0.6729810568295116
11,2014-15,BLK-pct-accum,0.7218344965104687
12,2015-16,BLK-pct-accum,0.7706879361914258
13,2016-17,BLK-pct-accum,0.8145563310069792
14,2017-18,BLK-pct-accum,0.885343968095713
15,2018-19,BLK-pct-accum,0.9182452642073781
16,2019-20,BLK-pct-accum,0.9541375872382853
17,2020-21,BLK-pct-accum,0.9790628115653043
18,2021-22,BLK-pct-accum,1.0000000000000002
0,2003-04,PTS,1654.0
1,2004-05,PTS,2175.0
2,2005-06,PTS,2478.0
3,2006-07,PTS,2132.0
4,2007-08,PTS,2250.0
5,2008-09,PTS,2304.0
6,2009-10,PTS,2258.0
7,2010-11,PTS,2111.0
8,2011-12,PTS,1683.0
9,2012-13,PTS,2036.0
10,2013-14,PTS,2089.0
11,2014-15,PTS,1743.0
12,2015-16,PTS,1920.0
13,2016-17,PTS,1954.0
14,2017-18,PTS,2251.0
15,2018-19,PTS,1505.0
16,2019-20,PTS,1698.0
17,2020-21,PTS,1126.0
18,2021-22,PTS,563.0
0,2003-04,PTS-accum,1654.0
1,2004-05,PTS-accum,3829.0
2,2005-06,PTS-accum,6307.0
3,2006-07,PTS-accum,8439.0
4,2007-08,PTS-accum,10689.0
5,2008-09,PTS-accum,12993.0
6,2009-10,PTS-accum,15251.0
7,2010-11,PTS-accum,17362.0
8,2011-12,PTS-accum,19045.0
9,2012-13,PTS-accum,21081.0
10,2013-14,PTS-accum,23170.0
11,2014-15,PTS-accum,24913.0
12,2015-16,PTS-accum,26833.0
13,2016-17,PTS-accum,28787.0
14,2017-18,PTS-accum,31038.0
15,2018-19,PTS-accum,32543.0
16,2019-20,PTS-accum,34241.0
17,2020-21,PTS-accum,35367.0
18,2021-22,PTS-accum,35930.0
0,2003-04,PTS-total,35930.0
1,2004-05,PTS-total,35930.0
2,2005-06,PTS-total,35930.0
3,2006-07,PTS-total,35930.0
4,2007-08,PTS-total,35930.0
5,2008-09,PTS-total,35930.0
6,2009-10,PTS-total,35930.0
7,2010-11,PTS-total,35930.0
8,2011-12,PTS-total,35930.0
9,2012-13,PTS-total,35930.0
10,2013-14,PTS-total,35930.0
11,2014-15,PTS-total,35930.0
12,2015-16,PTS-total,35930.0
13,2016-17,PTS-total,35930.0
14,2017-18,PTS-total,35930.0
15,2018-19,PTS-total,35930.0
16,2019-20,PTS-total,35930.0
17,2020-21,PTS-total,35930.0
18,2021-22,PTS-total,35930.0
0,2003-04,PTS-pct,0.046033954912329526
1,2004-05,PTS-pct,0.06053437239075981
2,2005-06,PTS-pct,0.06896743668243807
3,2006-07,PTS-pct,0.05933760089062065
4,2007-08,PTS-pct,0.06262176454216532
5,2008-09,PTS-pct,0.06412468689117728
6,2009-10,PTS-pct,0.0628444197049819
7,2010-11,PTS-pct,0.058753131088227106
8,2011-12,PTS-pct,0.04684107987753966
9,2012-13,PTS-pct,0.0566657389368216
10,2013-14,PTS-pct,0.05814082939048149
11,2014-15,PTS-pct,0.04851099359866407
12,2015-16,PTS-pct,0.05343723907598107
13,2016-17,PTS-pct,0.054383523517951574
14,2017-18,PTS-pct,0.0626495964375174
15,2018-19,PTS-pct,0.04188700250487058
16,2019-20,PTS-pct,0.04725855830782076
17,2020-21,PTS-pct,0.03133871416643474
18,2021-22,PTS-pct,0.01566935708321737
0,2003-04,PTS-pct-accum,0.046033954912329526
1,2004-05,PTS-pct-accum,0.10656832730308934
2,2005-06,PTS-pct-accum,0.1755357639855274
3,2006-07,PTS-pct-accum,0.23487336487614804
4,2007-08,PTS-pct-accum,0.29749512941831335
5,2008-09,PTS-pct-accum,0.36161981630949064
6,2009-10,PTS-pct-accum,0.42446423601447253
7,2010-11,PTS-pct-accum,0.48321736710269964
8,2011-12,PTS-pct-accum,0.5300584469802393
9,2012-13,PTS-pct-accum,0.5867241859170609
10,2013-14,PTS-pct-accum,0.6448650153075424
11,2014-15,PTS-pct-accum,0.6933760089062064
12,2015-16,PTS-pct-accum,0.7468132479821875
13,2016-17,PTS-pct-accum,0.8011967715001391
14,2017-18,PTS-pct-accum,0.8638463679376566
15,2018-19,PTS-pct-accum,0.9057333704425271
16,2019-20,PTS-pct-accum,0.9529919287503479
17,2020-21,PTS-pct-accum,0.9843306429167826
18,2021-22,PTS-pct-accum,1.0
0,2003-04,tripple_doubles,0.0
1,2004-05,tripple_doubles,4.0
2,2005-06,tripple_doubles,5.0
3,2006-07,tripple_doubles,1.0
4,2007-08,tripple_doubles,7.0
5,2008-09,tripple_doubles,7.0
6,2009-10,tripple_doubles,4.0
7,2010-11,tripple_doubles,4.0
8,2011-12,tripple_doubles,0.0
9,2012-13,tripple_doubles,4.0
10,2013-14,tripple_doubles,1.0
11,2014-15,tripple_doubles,2.0
12,2015-16,tripple_doubles,3.0
13,2016-17,tripple_doubles,13.0
14,2017-18,tripple_doubles,18.0
15,2018-19,tripple_doubles,8.0
16,2019-20,tripple_doubles,13.0
17,2020-21,tripple_doubles,5.0
18,2021-22,tripple_doubles,2.0
0,2003-04,tripple_doubles-accum,0.0
1,2004-05,tripple_doubles-accum,4.0
2,2005-06,tripple_doubles-accum,9.0
3,2006-07,tripple_doubles-accum,10.0
4,2007-08,tripple_doubles-accum,17.0
5,2008-09,tripple_doubles-accum,24.0
6,2009-10,tripple_doubles-accum,28.0
7,2010-11,tripple_doubles-accum,32.0
8,2011-12,tripple_doubles-accum,32.0
9,2012-13,tripple_doubles-accum,36.0
10,2013-14,tripple_doubles-accum,37.0
11,2014-15,tripple_doubles-accum,39.0
12,2015-16,tripple_doubles-accum,42.0
13,2016-17,tripple_doubles-accum,55.0
14,2017-18,tripple_doubles-accum,73.0
15,2018-19,tripple_doubles-accum,81.0
16,2019-20,tripple_doubles-accum,94.0
17,2020-21,tripple_doubles-accum,99.0
18,2021-22,tripple_doubles-accum,101.0
0,2003-04,tripple_doubles-total,101.0
1,2004-05,tripple_doubles-total,101.0
2,2005-06,tripple_doubles-total,101.0
3,2006-07,tripple_doubles-total,101.0
4,2007-08,tripple_doubles-total,101.0
5,2008-09,tripple_doubles-total,101.0
6,2009-10,tripple_doubles-total,101.0
7,2010-11,tripple_doubles-total,101.0
8,2011-12,tripple_doubles-total,101.0
9,2012-13,tripple_doubles-total,101.0
10,2013-14,tripple_doubles-total,101.0
11,2014-15,tripple_doubles-total,101.0
12,2015-16,tripple_doubles-total,101.0
13,2016-17,tripple_doubles-total,101.0
14,2017-18,tripple_doubles-total,101.0
15,2018-19,tripple_doubles-total,101.0
16,2019-20,tripple_doubles-total,101.0
17,2020-21,tripple_doubles-total,101.0
18,2021-22,tripple_doubles-total,101.0
0,2003-04,tripple_doubles-pct,0.0
1,2004-05,tripple_doubles-pct,0.039603960396039604
2,2005-06,tripple_doubles-pct,0.04950495049504951
3,2006-07,tripple_doubles-pct,0.009900990099009901
4,2007-08,tripple_doubles-pct,0.06930693069306931
5,2008-09,tripple_doubles-pct,0.06930693069306931
6,2009-10,tripple_doubles-pct,0.039603960396039604
7,2010-11,tripple_doubles-pct,0.039603960396039604
8,2011-12,tripple_doubles-pct,0.0
9,2012-13,tripple_doubles-pct,0.039603960396039604
10,2013-14,tripple_doubles-pct,0.009900990099009901
11,2014-15,tripple_doubles-pct,0.019801980198019802
12,2015-16,tripple_doubles-pct,0.0297029702970297
13,2016-17,tripple_doubles-pct,0.12871287128712872
14,2017-18,tripple_doubles-pct,0.1782178217821782
15,2018-19,tripple_doubles-pct,0.07920792079207921
16,2019-20,tripple_doubles-pct,0.12871287128712872
17,2020-21,tripple_doubles-pct,0.04950495049504951
18,2021-22,tripple_doubles-pct,0.019801980198019802
0,2003-04,tripple_doubles-pct-accum,0.0
1,2004-05,tripple_doubles-pct-accum,0.039603960396039604
2,2005-06,tripple_doubles-pct-accum,0.0891089108910891
3,2006-07,tripple_doubles-pct-accum,0.099009900990099
4,2007-08,tripple_doubles-pct-accum,0.1683168316831683
5,2008-09,tripple_doubles-pct-accum,0.2376237623762376
6,2009-10,tripple_doubles-pct-accum,0.2772277227722772
7,2010-11,tripple_doubles-pct-accum,0.3168316831683168
8,2011-12,tripple_doubles-pct-accum,0.3168316831683168
9,2012-13,tripple_doubles-pct-accum,0.35643564356435636
10,2013-14,tripple_doubles-pct-accum,0.3663366336633663
11,2014-15,tripple_doubles-pct-accum,0.3861386138613861
12,2015-16,tripple_doubles-pct-accum,0.41584158415841577
13,2016-17,tripple_doubles-pct-accum,0.5445544554455445
14,2017-18,tripple_doubles-pct-accum,0.7227722772277227
15,2018-19,tripple_doubles-pct-accum,0.8019801980198019
16,2019-20,tripple_doubles-pct-accum,0.9306930693069306
17,2020-21,tripple_doubles-pct-accum,0.9801980198019802
18,2021-22,tripple_doubles-pct-accum,1.0
